Area;Parcela;Id_unico;pH;P;K;MO;Al;Ca;Mg;CTC;SatBase;Arg;Silte;Areia;Desn;AberturaDossel
1; 1 D;1_ 1 D;4,2;11;124,1;10,5;4,8;1,9;0,7;7,7;6;45;23;32;2;13,52
1;1 E;1_1 E;4,4;6,7;84,6;7,3;5,3;1,7;0,6;7,8;7;52;15;33;1,56;39,52
1;2 D;1_2 D;4,3;5,8;93,8;8,1;4,9;2;0,9;8;9;60;14;26;2;26
1; 2 E;1_ 2 E;4,4;6,1;67,5;6,4;5,1;0,8;0,5;6,5;4;61;8;31;3,3;38,48
1;3 D;1_3 D;4,6;13,3;179,5;7,6;3,5;2,9;1,3;8,2;15;64;9;27;2,5;28,08
1; 3 E;1_ 3 E;4,4;4,6;80,6;6,3;5;2,1;0,9;8,2;9;61;17;22;3,3;34,32
1; 4 D ;1_ 4 D ;3,9;30,2;236,9;14,4;7,4;2,4;0,8;11,2;6;29;35;36;0,64;32,24
1;4 E;1_4 E;4,5;4,6;109,5;8,6;4;4,3;1,1;9,7;14;52;15;33;1,22;21,84
1; 5 D;1_ 5 D;4,4;10,5;132,2;12,8;5,4;4,8;1,1;11,6;22;46;3;51;2,27;20,8
1;5 E;1_5 E;4,2;4,1;69,9;5,8;5,3;3,7;0,6;9,8;12;53;18;29;0,98;17,68
1; 6 D;1_ 6 D;4,4;5,8;132,2;8,4;3,3;4,6;0,9;9,3;16;65;6;29;1,58;27,04
1; 6-E;1_ 6-E;4,2;5,4;103,5;8,3;3,7;2,9;0,8;7,6;14;61;13;26;1,74;15,6
1; 7-D;1_ 7-D;4,3;11,2;91,4;11,5;6;3,1;0,8;10,2;12;54;3;43;1,51;22,88
1;7-E;1_7-E;4,3;3,4;81,9;6;4,3;2,1;0,7;7,3;9;66;6;28;2,6;17,68
1;8 D;1_8 D;4,6;3,7;64,5;6,8;3,8;3,5;1;8,5;27;64;6;30;1,28;21,84
1; 8 E;1_ 8 E;4,3;4,1;115,9;7,1;5,3;3,5;0,8;9,9;12;54;12;34;2,25;14,56
1;9 D;1_9 D;4,4;3,7;107,3;7,2;3,2;2,1;0,6;6,1;15;47;21;32;1,48;18,72
1; 9 E;1_ 9 E;4,1;3,9;77,5;8;5,8;2,2;0,5;8,6;7;60;8;32;2,92;17,68
1;10 D;1_10 D;4,4;2,7;78,9;6,3;3,6;4,3;0,8;8,9;19;65;11;24;6,18;21,84
1;10 E;1_10 E;4,1;9,5;136;7,4;5;4,7;0,8;10,9;19;48;5;47;6,18;11,44
2;1 D;2_1 D;4,1;4,7;39,2;7,7;3,7;1,1;0,2;5;4;19;19;62;4,67;8,58
2;1 E;2_1 E;4,6;4,5;39,1;4;1,8;1,6;0,3;3,8;13;31;18;51;2,08;23,92
2;2 D;2_2 D;4,2;5,7;45,2;6,6;3;1,1;0,3;4,4;5;25;23;52;2,59;30,16
2;2 E;2_2 E;4,5;3,6;27,7;5,8;1,8;1,4;0,2;3,4;7;26;19;55;1,22;15,86
2;3 D;2_3 D;4,3;9,7;30,2;8,8;3,3;1,4;0,3;5;5;11;17;72;6,81;33,28
2;3 E;2_3 E;4,8;2,8;18,3;5,1;1,5;2,2;0,3;4;15;24;26;50;3,81;33,8
2;4 D;2_4 D;4,2;9,3;61,5;12;4,4;1,1;0,2;5,8;4;56;16;28;4,69;24,96
2;4 E;2_4 E;4,2;5,7;22,7;6,2;3,6;1,9;0,2;5,8;7;25;12;63;3,42;26
2;5 D;2_5 D;4,2;4,3;59;9,7;4,1;2,1;0,4;6,8;8;19;20;61;8,99;26
2;5 E;2_5 E;4;4,5;53,4;10,5;4,9;1,8;0,3;7,2;6;19;26;55;5,17;6,76
2;6 D;2_6 D;3,9;6,5;56,2;7,9;4,4;1;0,1;5,7;4;39;45;16;8,88;29,9
2;6 E;2_6 E;3,8;4;20,6;6,7;4;0,9;0,1;5;4;39;21;40;8,56;51,22
2;7 D;2_7 D;4;3;13,9;7,1;3,3;0,8;0,2;4,3;4;28;21;51;5,18;48,1
2;7 E;2_7 E;3,5;5,2;31,9;7,6;4,4;1,2;0,2;5,9;8;16;26;58;7,28;31,46
2;8 D;2_8 D;3,9;6,8;31,3;9,9;5;0,9;0,2;6,2;3;18;27;55;7,59;27,04
2;8 E;2_8 E;4,1;10,4;23;6,1;4;1,1;0,2;5,3;6;19;20;61;5,87;31,72
2;9 D;2_9 D;4,1;4,5;18,8;7,3;2,3;0,9;0,1;3,3;5;17;31;52;6,74;24,7
2;9 E;2_9 E;4,2;9,3;38,7;7,3;4,1;1,2;0,2;5,6;7;15;25;60;5;29,12
2;10 D;2_10 D;3,9;7,5;70,7;12;4,9;2,1;0,4;7,6;4;14;20;66;5,96;4,94
2;10 E;2_10 E;3,7;10;32,5;9,9;4,3;1,3;0,2;5,9;5;15;14;71;5,79;20,8
3; 1 D;3_ 1 D;4,5;20,6;120,3;8,7;4,6;1,3;0,5;6,7;5;13;22;65;5,7;8,06
3;1 E;3_1 E;4,2;19,5;105,9;13,1;5,9;0,7;0,3;7,2;3;12;15;73;7,07;13,52
3;2 D;3_2 D;4,1;21,3;95,7;13,8;7,1;1;0,4;8,7;4;15;12;73;6,05;11,96
3; 2 E;3_ 2 E;4,2;13,3;86,1;15,6;6;0,8;0,3;7,4;3;17;10;73;8,12;3,64
3;3 D;3_3 D;4,5;22,1;96,8;11,8;4,7;0,7;0,3;5,9;4;15;19;66;6,16;36,14
3; 3 E;3_ 3 E;4;15,8;81,2;10,9;6,9;0,6;0,3;8;2;13;34;53;4,42;17,16
3; 4 D ;3_ 4 D ;4,2;34;113,1;11,5;6,5;0,9;0,4;8,1;4;11;24;65;6,98;11,7
3;4 E;3_4 E;3,9;14,3;88,5;11,1;5,4;0,9;0,3;6,9;3;13;19;68;2,96;16,64
3; 5 D;3_ 5 D;4;22;112,6;16,3;9,6;0,7;0,4;10,9;3;10;23;67;8,49;8,06
3;5 E;3_5 E;4,2;27,7;103,9;17,6;6,4;1,1;0,4;8,3;4;15;11;74;4,54;7,54
3; 6 D;3_ 6 D;4,1;25;129,7;16,9;7,1;0,7;0,4;8,5;21;15;17;68;7,7;7,8
3; 6-E;3_ 6-E;4,4;14,6;72,5;8,4;4,5;0,5;0,2;5,4;3;18;29;53;6,79;7,28
3; 7-D;3_ 7-D;3,8;24,1;114;15,5;7,1;1;0,5;8,9;3;13;19;68;6,34;8,84
3;7-E;3_7-E;4,1;19,5;104,7;7,8;6;1,2;0,5;8;5;12;21;67;7,2;9,88
3;8 D;3_8 D;3,9;21,3;114,5;16;6,1;1,2;0,4;8;4;17;9;74;5,67;15,34
3; 8 E;3_ 8 E;4;21,1;117,1;14,7;6;1,6;0,5;8,5;6;16;11;73;6,26;10,14
3;9 D;3_9 D;4,2;22,8;124,2;12,3;5,3;3;0,9;9,5;12;16;16;68;7,23;10,14
3; 9 E;3_ 9 E;4,1;22,5;125,9;10,1;5,3;1,3;0,5;7,4;4;24;29;47;6,77;11,7
3;10 D;3_10 D;3,9;21;94,4;11,9;7,1;0,7;0,4;8,4;3;17;17;66;6,34;7,8
3;10 E;3_10 E;4,1;19,6;97,8;9,1;5,6;1,2;0,4;7,4;4;18;18;64;5,74;14,56
4;1 D;4_1 D;4,9;2,5;204;6,2;0;5,9;1,5;7,9;51;32;32;36;9,48;39,16
4;1 E;4_1 E;5;2,1;165,5;8;0,1;9;1,9;11,4;67;44;15;41;3,71;60,22
4;2 D;4_2 D;4,8;2,6;219,5;6,9;0,3;7,7;2;10,5;60;33;35;32;7,81;5,98
4;2 E;4_2 E;5;2,1;181,2;4,5;0,2;8,7;2,2;11,5;59;35;40;25;3,71;14,04
4;3 D;4_3 D;5,6;3,1;265,6;7,9;0;10,5;2,3;13,5;75;33;28;39;6,82;7,02
4;3 E;4_3 E;5,2;1,6;138,5;4,8;0;6,5;1,8;8,6;62;43;25;32;4,51;13,52
4;4 D;4_4 D;5,2;2,1;190,4;6,2;0;7,4;2,3;10,2;58;33;32;35;6,82;10,92
4;4 E;4_4 E;5,2;3;163,5;5,8;0,2;5,8;1,8;8,2;59;49;23;28;3,67;6,76
4;5 D;4_5 D;5,3;4,3;286,3;9,1;0,3;8,7;1,8;11,4;64;37;30;33;7,13;6,76
4;5 E;4_5 E;5;3;107,2;6,5;0,5;5,1;1,2;7,1;47;45;25;30;5,68;10,92
4;6 D;4_6 D;5,3;3,5;193,4;7,5;0;7,9;1,8;10,2;65;36;32;32;5;4,68
4;6 E;4_6 E;5,1;2,8;225,2;6,7;0,7;8,1;1,6;11;62;53;19;28;6,69;8,58
4;7 D;4_7 D;4,8;2,5;174,5;8;0,9;5,1;1,6;8,1;42;53;26;21;5;5,46
4;7 E;4_7 E;5;2,3;101,2;6,3;0,9;6,6;1,7;9,4;51;55;16;29;6,69;4,68
4;8 D;4_8 D;4,8;3;149,4;7,7;1,7;4,6;1,2;7,8;48;59;19;22;5;7,8
4;8 E;4_8 E;5,1;1,6;178,3;4,6;0,7;5,6;1,3;8,1;58;40;34;26;3,58;14,56
4;9 D;4_9 D;5,3;2,3;239,1;7,7;0;11,1;2,9;14,6;76;46;22;32;6,32;4,94
4;9 E;4_9 E;5;8,3;187,4;6,1;0,3;8,1;1,9;10,8;68;45;32;23;4,46;5,2
4;10 D;4_10 D;5,6;1,6;204,4;4,5;0;11,2;2,8;14,5;75;54;23;23;5,45;10,14
4;10 E;4_10 E;5,2;2;268,1;5,4;0;8,4;2,2;11,3;60;51;26;23;5,96;3,9